name,email,phone,state,country,zipcode,job_title,company
Torr Burchell,tburchell0@archive.org,260-634-0137,IN,United States,46862,Payment Adjustment Coordinator,Eire
Aubry Deegan,adeegan1@kickstarter.com,248-856-4186,MI,United States,48335,Staff Accountant IV,Voonder
Levon Gathercoal,lgathercoal2@ucoz.com,106-269-2788,A3,France,18934 CEDEX 9,Accounting Assistant II,Skyble
Rowan Mellmer,rmellmer3@hc360.com,506-477-7458,,Japan,286-0002,Community Outreach Specialist,Layo
Nanete Worrill,nworrill4@stanford.edu,533-208-5004,B5,France,49309 CEDEX,Community Outreach Specialist,Edgeblab
Mercie Feetham,mfeetham5@csmonitor.com,931-252-7377,SK,Canada,L7E,Technical Writer,Riffpedia
Debee Worssam,dworssam6@wunderground.com,646-330-6197,NY,United States,10039,Marketing Manager,Janyx
Rory Uren,ruren7@irs.gov,936-867-5625,TX,United States,77305,Senior Sales Associate,Aimbu
Hyacintha Schlagman,hschlagman8@bloglines.com,285-936-2800,AB,Canada,T1P,Marketing Manager,Eadel
Doe Bursnoll,dbursnoll9@amazon.co.jp,626-541-7772,A6,France,25057 CEDEX,Marketing Assistant,LiveZ
Belva Bolzmann,bbolzmanna@4shared.com,753-259-1059,A2,France,29399 CEDEX,Internal Auditor,Shuffledrive
Lukas Packer,lpackerb@vinaora.com,281-746-8636,TX,United States,77045,Administrative Officer,Photobug
Bank Forcer,bforcerc@ucla.edu,383-683-6465,NAY,Mexico,63174,Account Coordinator,Linktype
Aaren Veel,aveeld@spiegel.de,770-590-1386,GA,United States,30351,Developer II,Kazu
Charleen Nairns,cnairnse@aol.com,405-747-0867,OK,United States,73129,Research Nurse,Browsedrive